Molly,Rajnish,MollyRajnish_Dutch.mp3,she/her,Hello World!
Molly,Rajnish,MollyRajnish_Dutch.mp3,she/her,"Hello, World!"
Molly,Rajnish,MollyRajnish_Dutch.mp3,she/her,"Hello, World!"
Molly,Rajnish,MollyRajnish_Icelandic.mp3,she/her,"Hello, World!"
Aditi Rajnish,Aditi Rajnish,Aditi RajnishAditi Rajnish_Canadian French.mp3,she/her,asdasd
Aditi Rajnish,Aditi Rajnish,Aditi RajnishAditi Rajnish_British English.mp3,she/her,asdaf
Aditi Rajnish,Aditi Rajnish,Aditi RajnishAditi Rajnish_Chinese Mandarin.mp3,she/her,asfdafa
emily,cai,emilycai_Australian English.mp3,she/her,hi
Emily,Cai,EmilyCai_Chinese Mandarin.mp3,she/her,hello test
padena,rasouli,padenarasouli_US English.mp3,she/her,hi
test,baguette,testbaguette_French.mp3,asdasdv,sdfsafd
